"","x"
"1","Super Mario"
"2","The Legend of Zelda"
"3","Kirby"
"4","Pokemon"
"5","Metroid"
"6","Sonic the Hedgehog"
"7","Mega Man"
"8","Animal Crossing"
"9","Pikmin"
"10","Fire Emblem"
"11","F-Zero"
"12","Golden Sun"
"13","Donkey Kong"
"14","Advance Wars"
"15","Xenoblade Chronicles"
"16","Ratchet and Clank"
"17","Jak and Daxter"
"18","Sly Cooper"
"19","God of War"
"20","Shin Megami Tensei: Persona"
"21","Final Fantasy"
"22","Resident Evil"
"23","Silent Hill"
"24","Uncharted"
"25","Halo"
"26","Street Fighter"
"27","Mortal Kombat"
"28","Gears of War"
"29","Devil May Cry"
"30","Castlevania"
"31","Crash Bandicoot"
"32","Spyro"
"33","Metal Gear Solid"
"34","Doom"
"35","Bioshock"
"36","Kingdom of Hearts"
"37","Fallout"
"38","Monster Hunter"
"39","Grand Theft Auto"
"40","Dark Souls"
