"","word","n"
"1","zelda",66
"2","halo",48
"3","fallout",43
"4","dark",37
"5","souls",37
"6","gta",31
"7","doom",29
"8","fantasy",29
"9","final",29
"10","pokémon",27
"11","mario",21
"12","bioshock",20
"13","hearts",16
"14","hunter",16
"15","kingdom",16
"16","monster",16
"17","pokemon",16
"18","war",16
"19","god",12
"20","persona",12
"21","super",12
"22","emblem",11
"23","fire",11
"24","golden",11
"25","metroid",11
"26","ratchet",11
"27","sly",11
"28","sun",11
"29","clank",9
"30","evil",9
"31","gear",9
"32","metal",9
"33","resident",9
"34","uncharted",9
"35","cooper",8
"36","legend",8
"37","spyro",8
"38","amp",7
"39","cry",7
"40","devil",7
"41","castlevania",6
"42","gears",6
"43","jak",6
"44","sonic",6
"45","animal",5
"46","crossing",5
"47","hard",5
"48","kombat",5
"49","mortal",5
"50","3",4
"51","crash",4
"52","daxter",4
"53","ff",4
"54","games",4
"55","solid",4
"56","xenoblade",4
"57","auto",3
"58","bandicoot",3
"59","chart",3
"60","choice",3
"61","choose",3
"62","fighter",3
"63","fuck",3
"64","game",3
"65","grand",3
"66","impossible",3
"67","list",3
"68","street",3
"69","theft",3
"70","bunch",2
"71","damn",2
"72","data",2
"73","donkey",2
"74","easy",2
"75","fight",2
"76","fps",2
"77","hill",2
"78","history",2
"79","honorable",2
"80","i’m",2
"81","kong",2
"82","love",2
"83","loz",2
"84","mention",2
"85","porn",2
"86","responses",2
"87","rpg",2
"88","silent",2
"89","tough",2
"90","wars",2
