"","author","replies","score"
"1","Michael Crichton",25,1268
"2","Orson Scott Card",5,245
"3","Stephen King",5,101
"4","Terry Goodkind",3,183
"5","Agatha Christie",1,186
"6","AJ Finn",1,425
"7","Clayton Crain",1,269
"8","Dan Simmons",1,109
"9","David Eddings",1,398
"10","David Foster Wallace",1,261
"11","Dean Koontz",1,102
"12","Frank Herbert",1,144
"13","HP Lovecraft",1,129
"14","Jack Kerouac",1,274
"15","Jack Unteweger",1,47
"16","Jerry Pournelle",1,7
"17","JK Rowling",1,48
"18","L Ron Hubbard",1,560
"19","Marion Simmer Bradley",1,413
"20","Nelson Demille",1,44
"21","Piers Anthony",1,3
"22","Richard Heinlein",1,194
"23","Roald Dahl",1,291
"24","Scott Adams",1,2
"25","Sergei Lukyanenko",1,349
"26","Stephen Ambrose",1,19
"27","Terry Deary",1,453
"28","Tom Clancy",1,196
"29","Tom Cruise",1,5
"30","Veit Etzold",1,3
"31","William Mayne",1,31
